formattedCatalogId,ean,supplierPartNumber,productName,productPriceExc,productVatRate,currencyCode
,9782330179045,,Au prochain arrêt,1.84,0.055,EUR
,9782408015688,,L'enfer au collège,1.6,0.055,EUR
,9782747051415,,"Les grandes grandes vacances, Tome 02: Pris dans la tourmente",2.09,0.055,EUR
,9782354134938,,Livre à gratter avec autocollants - Chevaux,2.76,0.055,EUR
,9782849336212,,Burn after writing - L'édition française officielle,3.81,0.055,EUR
,9782747086073,,"Le manoir saison 1, Tome 01: Liam et la carte d'éternité",2.33,0.055,EUR
,9782757604847,,Abdos express,2.7,0.055,EUR
,9782813225344,,"Moi, j'y crois - Mes anges, mes guides, mes prémonitions",4.67,0.055,EUR
,9782747076869,,Les grands saints en BD,4.91,0.055,EUR
,9782732499628,,Le Loup,3.07,0.055,EUR
,9782371042834,,Rome,1.72,0.055,EUR
,9782365495615,,"50 nuances de gras T02 par monsieur Keto - Brûle du gras, kiffe tes plats",3.93,0.055,EUR
,9782742733767,,De si jolis chevaux,4.91,0.055,EUR
,9782379222733,,Écorces - Voyage dans l'intimité des arbres du monde,8.1,0.055,EUR
,9782290380321,,Nom,1.47,0.055,EUR
,9782879016603,,Espagnols A Bordeaux Et En Aquitaine,2.46,0.055,EUR
,9782365494700,,Arrêtons de saboter notre immunité,5.89,0.055,EUR
,9782359907018,,MES LIVRES SONORES - CHERCHE ET TROUVE ANIMAUX - 200 SONS,5.4,0.055,EUR
,9782365495028,,"Simplement kéto, mes conseils et 50 recettes pour maigrir sans frustration",4.6,0.055,EUR
,9782747083041,,"Animal Tatoo poche saison 1, Tome 07: L'arbre éternel",2.33,0.055,EUR
,9782747051170,,"Animal Tatoo saison 1, Tome 02: Traqués",3.81,0.055,EUR
,9782747083034,,"Animal Tatoo poche saison 1, Tome 06: La chute",2.33,0.055,EUR
,9782412030615,,Le livre de mon prénom - Sacha 51,1.23,0.055,EUR
,9782365494922,,50 Nuances de gras par Monsieur Keto - Des recettes cétogènes irrésistibles pour faire fondre tes kilos,3.93,0.055,EUR
,9782379221101,,Le Guide du jardin créatif - 850 plantes et idées inspirantes,6.02,0.055,EUR
,9782747082884,,"Yakari, Tome 01: Sur la piste du puma",1.6,0.055,EUR
,9782365493970,,Le Grand livre de la DME (Diversification Menée par l'Enfant pas à pas),5.28,0.055,EUR
,9782379220869,,Mon petit potager bio sur 15m²,4.3,0.055,EUR
,9782804705633,,"L'école du cerveau: De Montessori, Freinet et Piaget aux sciences cognitives",4.05,0.055,EUR
,9782846405355,,HAUTE PROVENCE : 24 BELLES BALADES: Verdon - Luberon - Pays de Giono - Ubaye - Mercantour,4.3,0.055,EUR
,9782365495196,,Pourquoi tout compliquer ? Bien manger est si simple !,5.28,0.055,EUR
,9782492847240,,Ma Bulle Zen,4.05,0.055,EUR
,9782747083010,,"Animal Tatoo poche saison 1, Tome 04: La cité de glace",2.33,0.055,EUR
,9782747083027,,"Animal Tatoo poche saison 1, Tome 05: Trahisons",2.33,0.055,EUR
,9782757605141,,ROAD TRIP NBA: DE BOSTON A LOS ANGELES VOYAGE AU COEUR DE LA CULTURE U.S.,8.53,0.055,EUR
,9782408014025,,"In Real Life, Tome 03: Réinitialisation",4.91,0.055,EUR
,9782379222269,,Se nourrir de son jardin - Une année au potager permaculture: Une année au potager permaculturel,4.67,0.055,EUR
,9782851806871,,Méthode de musculation au féminin: 80 exercices sans matériel,6.38,0.055,EUR
,9782747032933,,"Chair de poule , Tome 01: La malédiction de la momie",1.72,0.055,EUR
,9782263157400,,Le livre d'Or de la Coupe du monde 2018,4.3,0.055,EUR
,9782747067577,,"Maîtres des dragons, Tome 03: Le mystère du dragon d'eau",1.72,0.055,EUR
,9782603029916,,La Science à l'épreuve des mauvaises langues: 10 idées reçues décryptées pour bien comprendre la démarche scientifique,6.26,0.055,EUR
,9782379221415,,Mon balcon nourricier en permaculture - Des récoltes abondantes sur 4 m2,4.05,0.055,EUR
,9782365495578,,"Sauvons le pain - Boulangers, citoyens, amorçons la révolution nutritionnelle du pain",5.77,0.055,EUR
,9782816019254,,"Bento, gamelle et lunch-box",3.31,0.055,EUR
,9782747083843,,"L'Épouvanteur poche, Tome 04: Le combat de l'épouvanteur",2.58,0.055,EUR
,9782747088336,,"Le manoir saison 1, Tome 04: Nic et le pacte des démons",2.33,0.055,EUR
,9791023515695,,Le Flamant rose: Les Sciences naturelles de Tatsu Nagata,3.07,0.055,EUR
,9782365494816,,Le Bon Choix au supermarché - Nouvelle édition,3.68,0.055,EUR
,9782365495073,,Le Bon choix pour cuisiner - 101 recettes avec les meilleurs produits du supermarché,3.68,0.055,EUR
,9782747094849,,"Max fou de foot, Tome 01: Le club de l'étoile",1.72,0.055,EUR
,9782732499635,,Gus illusionniste: 30 tours et manipulations,4.3,0.055,EUR
,9782412038710,,Ma clé du bonheur,5.77,0.055,EUR
,9782351912324,,Sculptures nature: Mes premières créations en bois,5.52,0.055,EUR
,9782379222702,,Une année au jardin avec un dingue de plantes - Idées et solutions inspirées de la nature,8.1,0.055,EUR
,9782747051187,,"Animal Tatoo saison 1, Tome 03: Prisonniers",3.81,0.055,EUR
,9782813224590,,Guide de survie en temps incertains,4.91,0.055,EUR
,9782757604809,,Corps d'élite: Missions et secrets d'entraînement,6.75,0.055,EUR
,9782757604304,,NBA love story: Confessions des plus grandes stars,6.75,0.055,EUR
,9782813225832,,Les dernières paroles au seuil de la mort,4.91,0.055,EUR
,9782745984890,,La Corse: Autocollants,1.35,0.055,EUR
,9782412030868,,"Windows 10 et Internet pour les Nuls grand format, 3e édition",4.91,0.055,EUR
,9782258090088,,L'île de Nera: The edge of nowhere T2 (2),3.07,0.055,EUR
,9782379222085,,Fermenter presque tout avec presque rien,2.95,0.055,EUR
,9782381820101,,Atlas de la France insolite,7.37,0.055,EUR
,9782021170948,,Histoire de chambres,7.37,0.055,EUR
,9791036310676,,"Animal Tatoo saison 2 - Les bêtes suprêmes, Tome 01: Gardiens Immortels",2.33,0.055,EUR
,9791036314674,,Petit Ours Brun aime sa maman,1.23,0.055,EUR
,9782757604762,,Voile - Les courses de légende,9.45,0.055,EUR
,9782813224033,,Les différents visages des passifs-agressifs,4.67,0.055,EUR
,9782743659318,,Les Suicidés du bout du monde: Chronique d'une petite ville de Patagonie,2.21,0.055,EUR
,9782355581656,,"Shaolin, pays de Kungfu",4.6,0.055,EUR
,9782412046128,,"Zones bleues - Les secrets de la longévité: Sardaigne, Japon, Costa Rica, Grèce : à la rencontre de ceux qui vivent mieux et plus longtemps",3.68,0.055,EUR
,9782747051163,,"Animal Tatoo saison 1, Tome 01: Les quatre élus",3.81,0.055,EUR
,9782365495912,,Que ton mouvement soit ton médicament - Restaurez votre santé par le mouvement naturel,6.14,0.055,EUR
,9782492847127,,Love Answers Book,2.7,0.055,EUR
,9791036310669,,"Animal Tatoo saison 2 - Les bêtes suprêmes, Tome 02: Piégés",2.33,0.055,EUR
,9782368560075,,Cosette d'après les Misérables de Victor Hugo,1.84,0.055,EUR
,9782747056915,,Petit Ours Brun et les oeufs de Pâques,1.6,0.055,EUR
,9791023515411,,Voilà le printemps,3.31,0.055,EUR
,9782702921449,,Clarté et connexion - clarity & connection,4.67,0.055,EUR
,9782747067584,,"Maîtres des dragons, Tome 04: Le pouvoir du dragon de feu",1.72,0.055,EUR
,9782843194290,,10 ans après - Vivre heureuse après les violences conjugales,5.77,0.055,EUR
,9782603030325,,Microfermes: Le maraîchage bio à échelle humaine,6.26,0.055,EUR
,9782804705596,,Imagerie mentale et psychothérapie: Un ouvrage sur la psychopathologie cognitive,5.52,0.055,EUR
,9782813226624,,Super Pouvoirs No limit ! - Masterclass pour accéder à sa magie intérieure,4.67,0.055,EUR
,9782745997708,,Pâques,1.47,0.055,EUR
,9782849336069,,Je ne suis pas tout seul dans ma tête - Révélations et évidences d'un médium,5.4,0.055,EUR
,9782745993090,,J'apprends le ski,2.46,0.055,EUR
,9791023515619,,La Chanson des insectes: Bon pour les bébés,4.54,0.055,EUR
,9791023505221,,"À l'école, il y a des règles !",4.54,0.055,EUR
,9782813225290,,Recherche scientifique : un naufrage mondial,6.51,0.055,EUR
,9782813225375,,Mâle baisées - Le livre qui dénonce le patriarcat sous les draps,6.02,0.055,EUR
,9782846405003,,Calanques : 21 Belles Balades,4.3,0.055,EUR
,9782603030295,,Les Tomates: Les guides du jardinier-maraîcher,4.3,0.055,EUR
,9782092492208,,Le club des chatons - Le voyage de Gribouille - Tome 9 - roman dès 6 ans (9),1.23,0.055,EUR
,9782365491877,,"Famille zéro déchet, Ze guide",3.93,0.055,EUR
,9782408032081,,Le corps humain - Poppik,4.91,0.055,EUR
,9782379222191,,Créer et entretenir un verger permaculturel,4.67,0.055,EUR
,9782365492423,,Halte aux aliments ultra transformés ! Mangeons vrai,5.28,0.055,EUR
,9782092492161,,Le club des chatons - Caramel Superstar - Tome 7 - Dès 6 ans (7),1.23,0.055,EUR
,9782361884901,,Les nombres boussoles,5.4,0.055,EUR
,9782371044173,,Barcelone,1.72,0.055,EUR
,9782844664952,,Atlas France des voies vertes et veloroutes,7.61,0.055,EUR
,9782379221811,,Faire son bois de chauffage sans pétrole,4.3,0.055,EUR
,9782365494472,,Mammo ou pas mammo ? - Une radiologue expose les risques de la mammographie de dépistage,3.93,0.055,EUR
,9782365495172,,Manger vrai,6.14,0.055,EUR
,9782379222450,,"Hallucinants champignons - Leurs extraordinaires pouvoirs sur la santé, l'esprit et la planète",8.1,0.055,EUR
,9782361884086,,Comment bien pratiquer l'écriture automatique,3.56,0.055,EUR
,9782821214576,,Cry Babies Magic Tears – Le Parfum fruité – Album illustré – Dès 5 ans (4),1.23,0.055,EUR
,9782092492185,,Le club des chatons - Roméo et la statuette mystérieuse - Dès 6 ans (8),1.23,0.055,EUR
,9782849336373,,Burn after writing (Célèste) - L'édition française officielle,3.81,0.055,EUR
,9791036316883,,"Animal Tatoo hors série, Tome 03: Le livre des Bêtes Suprêmes hors série 3",3.81,0.055,EUR
,9782745996039,,Réfugiés,4.3,0.055,EUR
,9782757604328,,"Se mettre à courir quand on est vieux, gros,(sympa) et pas sportif: Pour vivre mieux et plus longtemps",4.05,0.055,EUR
,9782757605530,,NBA ALL STAR NAMES: Les meilleurs surnoms dans l'histoire de la NBA,8.1,0.055,EUR
,9791030102321,,"Agenda perpétuel journalier, bullet journal et almanach tout faire soi-même - 480 pages, 19 x 25 cm - 365 projets pour une année eco-friendly - Cuisine, bien-être, déco, cosmétiques, couture, mobilier",7.61,0.055,EUR
,9782849336311,,Burn after writing (Bleu) - L'édition française officielle,3.81,0.055,EUR
,9782379222719,,Plancton - Aux origines du vivant,8.1,0.055,EUR
,9782714469007,,A l'épreuve du NON: 100 jours d'un désopilant combat pour surmonter la peur du rejet,3.07,0.055,EUR
,9782846405188,,CAUSSES & CÉVENNES : 20 Belles Balades: Patrimoine mondial de l'UNESCO,4.3,0.055,EUR
,9782813224514,,Fukushima - Tremblements et stupeur - 10 ans après,5.4,0.055,EUR
,9782747096478,,"Maîtres des dragons, Tome 05: La menace du dragon venimeux",1.72,0.055,EUR
,9782745984258,,Le président,2.21,0.055,EUR
,9782895687603,,"Le guide des parents voyageurs - S'inspirer, s'informer, s'équiper - 0-12 ans",5.16,0.055,EUR
,9782365495837,,Je mincis avec le régime IG bas,3.44,0.055,EUR
,9782813225955,,TOUS RESISTANTS DANS L'AME,4.67,0.055,EUR
,9782849336458,,Delete this book - Génération Z Interdit aux plus de 25 ans,3.56,0.055,EUR
,9782371042803,,Bretagne Sud,1.72,0.055,EUR
,9782379221989,,Cuisiner autour du pot - Objets en terre & recettes partagées,7.61,0.055,EUR
,9782361884765,,Projet Humana,5.77,0.055,EUR
,9782324028809,,L'Équipe : Teddy Riner – Album documentaire – À partir de 8 ans,2.15,0.055,EUR
,9782701403274,,"Koh-Lanta, 20 ans d'émotions",5.52,0.055,EUR
,9782371044166,,Lisbonne,1.72,0.055,EUR
,9791027605712,,Le cahier de textes Mortelle Adèle,2.33,0.055,EUR
,9782379222016,,"Le vin naturel - Comprendre, choisir, déguster: Comprendre, choisir, déguster",3.56,0.055,EUR
,9782757605110,,REEQUILIBRAGE ALIMENTAIRE nouvelle édition augmentée: STOP AUX REGIMES!,6.75,0.055,EUR
,9782747081108,,"Animal Tatoo poche saison 1, Tome 01: Les quatres élus",2.33,0.055,EUR
,9782732498102,,"Le Design pour les enfants: Mobilier, accessoires et jouets",7.61,0.055,EUR
,9782846405737,,CAMARGUE : 20 BELLES BALADES,4.3,0.055,EUR
,9782804703158,,Les thérapies de couple et de famille: Modèles empiriquement validés et applications cliniques,5.89,0.055,EUR
,9782365495134,,Big Food & Cie - Comment la recherche du profit à tout prix nuit à notre santé,5.28,0.055,EUR
,9782603030301,,Les Outils du potager: Les guides du jardinier-maraîcher,4.3,0.055,EUR
,9782844556066,,Les dessins de Claire : Vitraux de la cathédrale de Chartres,4.3,0.055,EUR
,9782359907971,,PIPI CACA POT-POT,3.56,0.055,EUR
,9782381351087,,S'éveiller au chamanisme - Guide pratique essentiel,4.67,0.055,EUR
,9782379222467,,Le bon fromage,3.56,0.055,EUR
,9782324024610,,Musique Electro,9.21,0.055,EUR
,9782379222399,,Produire des légumes en hiver - même sans abri,4.67,0.055,EUR
,9782379222634,,Vivre en collectif - Outils et retours d'expérience,4.3,0.055,EUR
,9782953797831,,Rosemonde: Les aventures d'une poule pas franchement commode,0.61,0.055,EUR
,9782757604885,,QUICK & DIRTY: L'ANTIMANUEL DE PREPARATION PHYSIQUE,4.05,0.055,EUR
,9782092590218,,Léna rêve d'étoile - Le guide officiel - Dès 8 ans,2.76,0.055,EUR
,9782732497464,,ScienceFlix: Ce que tes séries préférées disent de notre société,4.91,0.055,EUR
,9782757604649,,Stretching express,2.7,0.055,EUR
,9782747094962,,"Jo, champion de foot, Tome 01: Une nouvelle vie",1.72,0.055,EUR
,9782844555199,,Drôles de locataires dans l'abécédaire,3.68,0.055,EUR
,9782377312528,,LES TROIS CHIENS,3.68,0.055,EUR
,9782732494777,,"Dis, comment te défends-tu?",3.93,0.055,EUR
,9782747097871,,"Animal Tatoo saison 2 - Les bêtes suprêmes, Tome 07: La vallée de la mort",3.81,0.055,EUR
,9782324029462,,"Christophe, histoires d'un dandy décalé",8.59,0.055,EUR
,9782732497709,,Lolo Land: Un guide du cancer du sein pour routardes hors du commun,7,0.055,EUR
,9782878339369,,Grosse boite petite boite: Pour jouer au chat et à la souris avec les contraires !,3.99,0.055,EUR
,9782361885038,,Mon cahier d'éveil spirituel Ancrage,4.05,0.055,EUR
,9791023514193,,Résidence Beau Séjour,4.79,0.055,EUR
,9782263174582,,La Pâtisserie au fil des envies,4.3,0.055,EUR
,9782813224002,,Cahier d'exercices pour réveiller le génie en soi par l'écriture inspirée,6.75,0.055,EUR
,9782747086301,,"Surtout, n'ouvre pas la porte !",1.72,0.055,EUR
,9782757604854,,Pilates express,2.7,0.055,EUR
,9782092593561,,J'apprends à me relaxer - Bien-être des petits - Livre à écouter - format chevalet pour un usage plus simple - Dès 4 ans,3.38,0.055,EUR
,9782844664259,,La Viarhona du léman à la Méditerranée,4.05,0.055,EUR
,9783982168883,,Bon Ap' - Le plaisir avant tout - Pourquoi se priver ?,4.3,0.055,EUR
,9782878339253,,La Chèvre de Monsieur Seguin: Boussole Cycle 3,6.75,0.055,EUR
,9782381351063,,Découvrez le chemin de votre âme grâce aux Mémoires Akashiques,5.4,0.055,EUR
,9782878339826,,LES CENT UN DALMATIENS,4.3,0.055,EUR
,9782757604557,,Technologie primitive: Guide pratique pour savoir utiliser les ressources naturelles,6.14,0.055,EUR
,9791023509687,,Voilà l'été,3.31,0.055,EUR
,9782379222030,,Qui est vraiment votre chat ? - Les tests qui révèlent sa personnalité !,2.7,0.055,EUR
,9782379223051,,À vélo ! - L'en-cyclo pratique et joyeuse,4.05,0.055,EUR
,9782757604373,,Renaissance: De l'accident à la reconstruction par le développement personnel,6.75,0.055,EUR
,9782732497259,,C'est beau le rouge: Pour briser le tabou des règles,3.93,0.055,EUR
,9782743650940,,Héritage,4.3,0.055,EUR
,9791036318894,,"Le collège Lovecraft, Tome 02: Les Soeurs Serpents",1.96,0.055,EUR
,9782743656553,,Héritage,2.09,0.055,EUR
,9782258161320,,"Mylène Farmer, de scène en scène",8.59,0.055,EUR
,9782757604090,,"Car nous deux c'est pour la vie: Supporters, l'âme éternelle du PSG",5.16,0.055,EUR
,9782841976362,,La vie au-delà de la mort - Quand la science trouve des réponses,5.52,0.055,EUR
,9782857334682,,En route pour la confirmation - Livret jeune,1.84,0.055,EUR
,9791024205366,,Qui êtes-vous monsieur Plantard ?,5.52,0.055,EUR
,9782846404785,,Loire - Anjou - Touraine : 20 belles balades,4.3,0.055,EUR
,9782412050392,,Les Prud'hommes pour les Nuls poche,3.07,0.055,EUR
,9782732499185,,"Objets d'histoire, Histoires d'objets",5.16,0.055,EUR
,9782813223487,,Journal d'une renaissance - Comment j'ai vaincu la folie des acouphènes pour retrouver ma vie,4.67,0.055,EUR
,9782842184544,,Alba se repère dans l'espace,4.3,0.055,EUR
,9782849901564,,LE MANIFESTE CHAP,3.68,0.055,EUR
,9782508053658,,"Marvel – Mes aventures à colorier – Livre de coloriage, stickers et pochoirs – Dès 4 ans",2.15,0.055,EUR
,9782263176869,,Coffret Tea time royal,5.16,0.055,EUR
,9782747097857,,"Animal Tatoo saison 2 - Les bêtes suprêmes, Tome 05: Le monstre de Gila",3.81,0.055,EUR
,9782354564650,,Petites victoires - Et si la transformation du monde commençait par vous ?,4.91,0.055,EUR
,9782757603147,,Mon coach musculation - Prise de muscle et perte de gras : tout savoir: Prise de muscle et perte de gras : tout ce que vous devez savoir !,6.63,0.055,EUR
,9782603028650,,Le Grand livre de la pêche,6.75,0.055,EUR
,9782846404563,,Val de Loire - Blois-Chambord : 20 belles balades,4.3,0.055,EUR
,9782355581106,,Te souviens-tu de Wei ?,4.6,0.055,EUR
,9791023513967,,Qui lira rira !,4.91,0.055,EUR
,9782757604816,,Formule 1 - L'histoire officielle,9.45,0.055,EUR
,9782844554222,,Le géant qui r évait,4.3,0.055,EUR
,9782813226297,,Immunité,7.12,0.055,EUR
,9782379222177,,Plantes d'intérieur - Déco et faciles à vivre,4.3,0.055,EUR
,9782361883973,,Contacts spontanés avec un défunt - Une enquête scientifique atteste la réalité des VSCD,4.42,0.055,EUR
,9782508052828,,Disney Pixar Buzz l'Éclair - Mon livret de gommettes - Livret de gommettes - Dès 3 ans,1.35,0.055,EUR
,9782757604113,,Les Mensonges du Fitness,9.45,0.055,EUR
,9782813224859,,"Le cerveau m'a beaucoup déçu. L'esprit, non.",4.67,0.055,EUR
,9782701403243,,Une belle histoire d'Amir,6.14,0.055,EUR
,9782702917763,,Surmonter ses peurs et changer de vie,4.3,0.055,EUR
,9782747081115,,"Animal Tatoo poche saison 1, Tome 02: Traqués",2.33,0.055,EUR
,9782408017101,,Échappe-toi - La cité engloutie,4.67,0.055,EUR
,9782732484358,,"C'est de la Trish !: 130 recettes pour booster le goût, twister les plats et bluffer ses amis",3.07,0.055,EUR
,9791023509694,,Voilà l'automne,3.31,0.055,EUR
,9782379221736,,La Nature à 200 m de chez moi,8.1,0.055,EUR
,9782745996053,,"Lili Goth, Tome 04: La symphonie sinistre",3.81,0.055,EUR
,9782092791134,,Mes tablettes rugueuses - Tout-petit Montessori - Dès 18 mois,3.38,0.055,EUR
,9782366539295,,L'automne,3.31,0.055,EUR
,9782745994271,,Les sorcières modèles,1.6,0.055,EUR
,9782351911709,,Une histoire de la pêche à la mouche en 50 modèles,5.16,0.055,EUR
,9782757603628,,Notes de trail - Second souffle: second souffle,5.4,0.055,EUR
,9782365494083,,"Emotions, souffrances, délivrance - découvrez votre profil émotionnel",4.79,0.055,EUR
,9782381351100,,Mes rencontres avec le règne animal divin - Voyages initiatique au coeur des archétypes,4.05,0.055,EUR
,9782379222139,,Rendre son chiot heureux,4.05,0.055,EUR
,9782732496832,,500 jours à vélo: En famille à travers l'Europe et l'Asie,9.21,0.055,EUR
,9782757604298,,OM Bielsa: Enquête sur une relation passionnelle,4.54,0.055,EUR
,9782849336502,,"Amour, sexe et secrets inavouables",3.56,0.055,EUR
,9782748523195,,Nocturno,4.91,0.055,EUR
,9782492284083,,TOTALEMENT CHARLI: MON GUIDE 100% POSITIF,4.05,0.055,EUR
,9782745977823,,Le président de la République,2.58,0.055,EUR
,9782361884024,,"Mes vies antérieures, mes ancêtres et moi",4.67,0.055,EUR
,9782813225993,,Cahier d'exercices pour muscler son corps et son cerveau,7.37,0.055,EUR
,9782365495851,,Je prends soin de mon cerveau,3.44,0.055,EUR
,9782757604502,,"100 pensées positives, inspirantes et motivantes",3.81,0.055,EUR
,9782747077286,,"Les enquêtes d'Alfred et Agatha poche, Tome 01: L'affaire des oiseaux",2.33,0.055,EUR
,9782849335468,,Mon bullet journal spécial bien-être,3.81,0.055,EUR
,9791023516609,,La Belle Jeanette,3.07,0.055,EUR
,9782842184513,,Alba découvre les formes,4.3,0.055,EUR
,9782813224064,,Médiumnité - Quand la science confirme,4.91,0.055,EUR
,9782757604922,,LE COUREUR PREND SON ENVOL: LA LIGNE BLEUE,6.75,0.055,EUR
,9791032404393,,Secrets d'un fan de Fortnite - Roman adolescent - Jeu vidéo - Dès 7 ans (1),1.41,0.055,EUR
,9782757605172,,MAIS C'EST PAS POSSIBLE ?!: PSG : LE MEILLEUR DU PIRE,4.05,0.055,EUR
,9782317022098,,La nouvelle révolution alimentaire: Ce dont lHomme a réellement besoin,4.91,0.055,EUR
,9782849336519,,Souls family - Tisser ou resserrer les liens familiaux,4.91,0.055,EUR
,9782849336823,,Burn after writing (Tattoo) - L'édition française officielle,3.81,0.055,EUR
,9782757603796,,J'ai pas le temps ! Séances d'étirement: 75 seances de 10 minutes sans materiel 3 niveaux de difficulté,5.03,0.055,EUR
,9782745997463,,Le football,3.56,0.055,EUR
,9782813226006,,"Petits maux, grands traumas - De l'EMDR à l'IMO une nouvelle voie de guérison",2.7,0.055,EUR
,9782702920848,,"La peur, origine de nos maladies - Comment s'en libérer pour guérir",4.67,0.055,EUR
,9791023517026,,"Elle aime quoi, la poule ?",3.31,0.055,EUR
,9782603028216,,Mauvaise réputation: Plaidoyer pour les animaux mal aimés,5.4,0.055,EUR
,9782365494755,,Petite bible de santé environnementale,6.14,0.055,EUR
,9782381350226,,Agenda Femme lunaire,4.67,0.055,EUR
,9782412052983,,"L'Angleterre en séries: Downton Abbey, Peaky Blinders, The Crown - Un siècle d'histoire britannique à travers trois séries cultes",3.68,0.055,EUR
,9782846404815,,Corse - Balagne : 30 belles balades,4.3,0.055,EUR
,9782603028346,,Everest: La Véritable histoire d'Edmund Hillary et Tenzing Norgay,5.65,0.055,EUR
,9791030103083,,"Le Tarot de l'unité - 22 arcanes pour se reconnecter à soi, écoféminisme et spiritualité. Une voie alchimique vers la réconciliation du Masculin et du Féminin",4.3,0.055,EUR
,9791036317170,,Un été en liberté,3.56,0.055,EUR
,9782384530304,,ALBUMS - HISTOIRES - LES PREMIÈRES NOTES DU PRINTEMPS,3.56,0.055,EUR
,9788830310759,,Hiver,4.91,0.055,EUR
,9791036311239,,"Les écuries de Versailles, Tome 02: Mariette et le Petit Dauphin",1.96,0.055,EUR
,9782844665096,,La Via Podiensis la Voie du Puy Atlas Chemin de Compostelle,4.05,0.055,EUR
,9782365495899,,Les leçons d'une vie,4.17,0.055,EUR
,9782745973320,,Rebelle au bois charmant,2.7,0.055,EUR
,9791036329142,,"La bête et Bethany, Tome 01: La bête et Bethany",4.3,0.055,EUR
,9782732498539,,Thomas Mailaender,6.38,0.055,EUR
,9782092558362,,Kimamila dans l'espace (12),1.29,0.055,EUR
,9791023515275,,Peut-être,4.42,0.055,EUR
,9782365494069,,La solution longévité - De la science à l'alimentation : un programme de longue vie,6.14,0.055,EUR
,9782371044593,,New-York,1.72,0.055,EUR
,9782757604540,,Les histoires insolites des Jeux Olympiques d'été: De l'Antiquité aux jeux de Rio 2016,6.75,0.055,EUR
,9782732497075,,Partage: 70 recettes simples et conviviales,7.61,0.055,EUR
,9782371042810,,Châteaux de la Loire,2.46,0.055,EUR
,9791023514742,,La Petite sorcière et la forêt noire,4.17,0.055,EUR
,9782732497402,,Rouge,4.91,0.055,EUR
,9782351912317,,Aventures nature: Mon 1er livre de bushcraft,5.52,0.055,EUR
,9782745974754,,Les maîtres et les maîtresses,2.21,0.055,EUR
,9782846405164,,AIN : 20 BELLES BALADES: DANS LES ESPACES NATURELS SENSIBLES,4.3,0.055,EUR
,9782379222726,,Jardins d'hiver - Une saison réinventée,8.1,0.055,EUR
,9782381820149,,Atlas des bouts du monde,8.59,0.055,EUR
,9782757604960,,L'ALBATROS PARCOURS DE VIE: LE GOLF THEATRE DE VOTRE DEVELOPPEMENT PERSONNEL,7.37,0.055,EUR
,9782379221729,,Cuisiner dans les bois,8.1,0.055,EUR
,9782365495486,,"Je résiste mieux au stress - Nutrition, Cohérence cardiaque, Automassages, Phytothérapie",3.44,0.055,EUR
,9782603025581,,Les Insectes en bord de chemin,6.75,0.055,EUR
,9782317019098,,"Manteaux et vestes: 4 créatrices, 8 modèles, une infinité de possibilités",5.52,0.055,EUR
,9782603028728,,Un Tanguy chez les hyènes: 30 comportements surprenants des animaux,6.26,0.055,EUR
,9791032405024,,Tour du monde des fake news - Jeu de société d'ambiance de 2 à 6 joueurs - Dès 14 ans,1.47,0.055,EUR
,9782365494458,,"Couture zéro déchet, je me lance ! - 30 objets réutilisables pour un mode de vie durable",4.54,0.055,EUR
,9782354881818,,Nina Volkovitch - tome 2 Le Souffle (2),3.07,0.055,EUR
,9782747097864,,"Animal Tatoo saison 2 - Les bêtes suprêmes, Tome 06: La griffe du chat sauvage",3.81,0.055,EUR
,9782745995827,,Berlin,2.21,0.055,EUR
,9782757604496,,Instinct: Pour un mode de vie et un entraînement naturels,4.79,0.055,EUR
,9782354564704,,Plus vite que le futur - Comment les technologies vont bouleverser nos vies,6.26,0.055,EUR
,9782757604861,,Cardio express,2.7,0.055,EUR
,9791023514414,,Quand les escargots vont au ciel,3.07,0.055,EUR
,9782917890950,,Peur de rien. Un livre surprise,3.68,0.055,EUR
,9782408042202,,Astronomie - Poppik,4.91,0.055,EUR
,9782702920718,,24 lunes pour s'incarner - Mon carnet pour vivre en phase avec les cycles lunaires,5.77,0.055,EUR
,9782412061954,,Invitations au voyage - Echappées belles - comment partir à la découverte des autres et du monde a changé notre vie: Comment partir à la découverte des autres et du monde a changé notre vie,7,0.055,EUR
,9782324025044,,Les Photos insolites de Charles De Gaulle,9.21,0.055,EUR
,9782757605493,,RUGBY EN CHOEURS: Des hymnes et des hommes : voyage en pays d'ovalie,8.1,0.055,EUR
,9782745966438,,La grande aventure de l'évolution,4.3,0.055,EUR
,9782412072998,,"Coffret Puzzle ""Des hauts, des bas et re des hauts""par Mathou - puzzle 500 pièces - keep calm and puzzle",3.07,0.055,EUR
,9782702921180,,"Dans les yeux d'Electra - La rencontre de deux destins, humain et animal, sur le chemin de la résili",4.91,0.055,EUR
,9782732493435,,Halte aux plats industriels: 80 recettes pour en finir avec les produits ultra-transformés,7.61,0.055,EUR
,9782757604533,,# Fuck les complexes: S'accepter et s'aimer au-delà du filtre des réseaux sociaux,5.4,0.055,EUR
,9791023515565,,Le Musée d'Iris,4.54,0.055,EUR
,9791036305160,,Petit Ours Brun découvre le ski,1.6,0.055,EUR
,9782889571659,,LE TOUR DU MONDE EN BRIQUES LEGO®,4.3,0.055,EUR
,9782757605370,,"JUSQUE-LÀ, ÇA VA",4.91,0.055,EUR
,9782491467340,,La Source (1),6.14,0.055,EUR
,9782354881474,,Le Passage des Lumières - tome 1 Espoirs (1),2.15,0.055,EUR
,9782324030253,,Mes histoires pour grandir à 4 ans – Album relié – À partir de 4 ans,2.76,0.055,EUR
,9782603029558,,"À plumes, à poils ou à écailles ?: Mon imagier nature",2.7,0.055,EUR
,9791036314018,,Petit Ours Brun mange la galette des rois,1.6,0.055,EUR
,9782603026403,,"Tout pour mon chien: Le choisir, l'aimer, s'en faire aimer",4.79,0.055,EUR
,9782381820118,,"Toilettes, un monde fabuleux",7.37,0.055,EUR
,9782351842591,,Histoire des mots français: Les guides de la langue française avec Le Monde,4.3,0.055,EUR
,9782381820170,,Atlas des utopies,8.59,0.055,EUR
,9782732492759,,Ça gargouille !: À la découverte du système digestif,3.93,0.055,EUR
,9782813224996,,Eloge du pardon,3.81,0.055,EUR
,9782732491912,,Ces jeunes qui changent le monde,4.91,0.055,EUR
,9782732470832,,"Aznavour: Ma vie, mes chansons, mes films...",4.54,0.055,EUR
,9782846405010,,Fontainebleau : 15 Belles Balades,4.3,0.055,EUR
,9782092574874,,"Pakita, la maîtresse magique - Dès 2 ans",4.3,0.055,EUR
,9782365493222,,"Santé, mensonges et (toujours) propagande",5.28,0.055,EUR
,9782384530120,,PÂQUES,1.6,0.055,EUR
,9791032403839,,Vivez l'Aventure - Le pays aux 100 monstres d'Halloween - Livre à choix - Livre jeu - Dès 7 ans,2.76,0.055,EUR
,9791027608515,,Le livre debout,3.31,0.055,EUR
,9782412039304,,Le Kit idéal - Mes joyeuses semaines avec Mathou,4.54,0.055,EUR
,9782408018726,,"Les mômes de l'apocalypse, Tome 03: Cauchemar royal",3.68,0.055,EUR
,9782747072915,,"Maléfice sur Rome, Tome 01: D'entre les morts",1.96,0.055,EUR
,9782757603055,,"PSG, révélations d'une révolution: Episode I",5.4,0.055,EUR
,9782846405171,,GRANDE TRAVERSEE DU MERCANTOUR : 17 JOURS DE MARCHE: Sur le GR® GTM 52,4.3,0.055,EUR
,9791023515442,,Catcheur d'amour,4.3,0.055,EUR
,9782092590485,,Nécropolis : La tour de l'aigle - Tome 1 - Dès 10 ans (1),1.84,0.055,EUR
,9782842184537,,Alba découvre le toucher,4.3,0.055,EUR
,9782813222107,,Le visage de dieu,6.75,0.055,EUR
,9782757605318,,La Faim Emotionnelle: Comprenez et acceptez vos émotions - Ne laissez plus vos pulsions dicter votre alimentation,5.4,0.055,EUR
,9782820807632,,Mon gros cahier de logique: plus de 100 activités pour maîtriser la logique,3.68,0.055,EUR
,9782290358825,,Les enfants véritables,1.96,0.055,EUR
,9791032914199,,Les enfants véritables,4.3,0.055,EUR
,9782092570500,,Mon cahier créatif - pédagogie Steiner Waldorf: activités créatives au fil des saisons,3.99,0.055,EUR
,9782745979674,,"Babel Corp, Tome 02: Eden",4.3,0.055,EUR
,9782412052839,,"Les Furies de l'Histoire - cruelles , sanguinaires , sadiques : 15 portraits de femmes sans foi ni loi",4.3,0.055,EUR
,9782412060193,,Youtubeur pour les Nuls,6.14,0.055,EUR
,9782379222870,,Réduire son empreinte plastique,4.3,0.055,EUR
,9788830305809,,Clara catastrophe Des lapins partout !,3.07,0.055,EUR
,9782358321747,,Alphabet,4.91,0.055,EUR
,9782757603864,,Recettes rapides pour sportifs affamés,6.75,0.055,EUR
,9782384530106,,DESSINER SUR LES VITRES PÂQUES,4.05,0.055,EUR
,9782840066125,,Quelle journée !: Devine tout ce que je fais du matin au soir,5.52,0.055,EUR
,9782492847257,,Osez douter ! - 12 protocoles fondamentaux pour vivre mieux,4.67,0.055,EUR
,9782368562079,,"Mona Lisa, ma vie avec Léonard",4.6,0.055,EUR
,9782702921487,,Instant Karma - Le jour où tout a changé,6.02,0.055,EUR
,9782745956651,,La pêche en eau douce,1.84,0.055,EUR
,9782804701970,,"L'impulsivité: Ses facettes, son évaluation et son expression clinique",6.14,0.055,EUR
,9782813224057,,La magie de l'énergie vitale,6.02,0.055,EUR
,9791023515473,,Jacqueline: J'avais 7 ans quand la guerre a éclaté...,4.91,0.055,EUR
,9791023513219,,On échange !,4.42,0.055,EUR
,9782324027017,,Sylvie & Johnny,6.14,0.055,EUR
,9782365495448,,"J'apprends à mieux manger - Index glycémique, équilibre acide-base, antioxydants",3.44,0.055,EUR
,9791030103694,,"Zak a dit : ""joie dans ta vie"" - Tout faire soi-même avec des projets DIY, des recettes de cuisine, des rendez-vous bien-être. Créer, Aimer, S'enjailler",5.52,0.055,EUR
,9782324030130,,L'île de Maria – à partir de 10 ans,3.68,0.055,EUR
,9782324030239,,Mes histoires pour grandir à 2 ans – Album relié – À partir de 2 ans,2.76,0.055,EUR
,9782846405621,,Donner une âme à son jardin: 10 créations de deux femmes paysagistes,7.37,0.055,EUR
,9782702917572,,Cauchemar d'une nuit de garde,4.67,0.055,EUR
,9782358322515,,Le Mouvement dans l'art,7.37,0.055,EUR
,9782603028711,,Une histoire contemporaine des oiseaux de France,8.72,0.055,EUR
,9782508051470,,Disney Encanto - Mon livret de gommettes - Livret de gommettes - Dès 3 ans,1.35,0.055,EUR
,9782354564919,,"L'Art de l'enchantement - Comment influencer les coeurs, les esprits et les actes",4.91,0.055,EUR
,9782492847295,,Money Answers Book,2.7,0.055,EUR
,9782354564544,,La Grande Mutation - Pourquoi votre futur sera extraordinaire,6.51,0.055,EUR
,9782408005863,,"#murder, Tome 02: #murder2",4.67,0.055,EUR
,9782844551368,,MON ECOLE DURABLE,3.68,0.055,EUR
,9782915710533,,Vassily Kandinsky: avec 6 planches d'autocollants repositionnables,1.84,0.055,EUR
,9782745986726,,"Flippée, Tome 03: Classe verte de trouille",3.68,0.055,EUR
,9782757604052,,Le tour de France au temps des forçats et des ténébreux: Les années 1920,8.1,0.055,EUR
,9791023511475,,L'Affaire méchant loup,3.93,0.055,EUR
,9782916878546,,Petits plats savoureux contre les brûlures d'estomac,3.07,0.055,EUR
,9791032402184,,Escape Box Cthulhu - Escape game adulte de 3 à 6 joueurs - Dès 14 ans et adulte,3.68,0.055,EUR
,9782324020360,,Dictionnaire amoureux illustré du rock,8.59,0.055,EUR
,9791023513172,,La Dame à la licorne,5.4,0.055,EUR
,9782603028933,,La Dérive des continents: Des origines au 3e millénaire,6.75,0.055,EUR
,9782020582520,,Presque tout,7,0.055,EUR
,9782324030390,,Notre-Dame brûle,6.14,0.055,EUR
,9782354881924,,Rouen L'histoire d'un port,2.46,0.055,EUR
,9782381350431,,Mamaluna - Récit initiatique inspiré de la sagesse lunaire,4.05,0.055,EUR
,9782354565015,,Cerveau menteur ! - Déjouez les pièges de la prise de décision,4.67,0.055,EUR
,9782408008581,,Eve of man - t. 2,4.67,0.055,EUR
,9782732495392,,Le Livre de la nuit,4.91,0.055,EUR
,9782846405751,,CORRÈZE : 25 BELLES BALADES,4.3,0.055,EUR
,9782813226594,,La sagesse de la nature sauvage,5.4,0.055,EUR
,9782263170614,,Desserts light trop bons - la ligne gourmande,2.46,0.055,EUR
,9782842184520,,Alba découvre les quantités,4.3,0.055,EUR
,9782813222985,,Mutations de l'âme et transformations vibratoires,5.77,0.055,EUR
,9782365497053,,Votre partenaire ideal n'attend que votre autorisation pour vous rencontrer - Petit manuel d'autocoa,3.68,0.055,EUR
,9782324029608,,"Ma vie végétale - Remettez du naturel dans votre quotidien ! Maison, bien-être, décoration, cuisine",5.52,0.055,EUR
,9782757605301,,René Malleville authentique,4.05,0.055,EUR
,9782846405362,,Béarn : 20 belles balades,4.3,0.055,EUR
,9791036313196,,"Lili-Jo, apprentie pirate, Tome 01: Bonne rentrée, moussaillon !",1.72,0.055,EUR
,9788830309722,,Clara catastrophe vol. 3. Le ver de trop !,3.07,0.055,EUR
,9791032402191,,Escape Box Asile psychiatrique - Escape game adulte de 3 à 6 joueurs - Dès 14 ans et adulte,3.68,0.055,EUR
,9782324026355,,L'Équipe - N'Golo Kanté – Album documentaire sur le football – À partir de 8 ans,2.15,0.055,EUR
,9791033909156,,La Femme périphérique,4.42,0.055,EUR
,9782365493451,,La cuisine zéro gâchis,5.03,0.055,EUR
,9782408009113,,Hänsel et Gretel,3.93,0.055,EUR
,9791033915003,,La Femme périphérique,1.84,0.055,EUR
,9782862537788,,Mon tour du monde à vélo,4.91,0.055,EUR
,9782732496818,,"La Vulve, la Verge et le Vibro",4.3,0.055,EUR
,9782368560457,,Robinson d'après Robinson Crusoé de Daniel Defoe,1.84,0.055,EUR
,9782412044919,,La joie d'apprendre ensemble - 150 activités ludiques pour cultiver le langage et le plaisir de lire,4.3,0.055,EUR
,9782841386550,,La Mémoire des forêts. A la découverte des traces de l'activité humaine en forêt à travers les siècl,4.91,0.055,EUR
,9791032404362,,Harry Potter : Mes créations en stickers : Pré-au-lard - 450 stickers - à partir de 6 ans,1.84,0.055,EUR
,9782821214569,,Cry Babies Magic Tears – La Couronne de Tina – Album illustré – Dès 5 ans (3),1.23,0.055,EUR
,9782351841785,,Les anglicismes: Entre réalité linguistique et fait culturel,1.84,0.055,EUR
,9782379220623,,Plantes bizarres,6.14,0.055,EUR
,9782366470130,,Urgence sur Uranus,1.84,0.055,EUR
,9782701402314,,Johnny vu par ses guitaristes: 1960 - 2017,8.59,0.055,EUR
,9791032405239,,Secrets d'un fan de Fortnite - La section ultime - Roman jeunesse - Jeu vidéo - Dès 6 ans (2),1.41,0.055,EUR
,9782821214439,,Cry Babies - Le Spectacle des bébés - Album illustré - Dès 5 ans (2),1.23,0.055,EUR
,9782379223075,,Le potager anti-crise - Faire des économies en cultivant ses légumes,6.75,0.055,EUR
,9782354564568,,Homo emoticus - L'intelligence émotionnelle au service des managers,6.26,0.055,EUR
,9782849336267,,Des étoiles et des noeuds,5.4,0.055,EUR
,9782701402772,,"Miss France, le jeu",6.14,0.055,EUR
,9782813223432,,Maigrir là où ça résiste ! Avec la méthode chrono kEto minceur,6.26,0.055,EUR
,9782408027391,,Une leçon magique,1.47,0.055,EUR
,9782354902148,,Commentaires sur la méditation,4.91,0.055,EUR
,9782745997555,,Que la montagne est belle,3.68,0.055,EUR
,9782408032098,,Les bébés animaux - Poppik,3.68,0.055,EUR
,9782230021390,,Pirates des Caraïbes: Le secret du coffre maudit,2.46,0.055,EUR
,9782821212183,,Radiant - Tome 3 - Le Jour du départ - Lecture roman jeunesse - Dès 8 ans (3),1.23,0.055,EUR
,9782857334989,,Promesse de Dieu - Dieu marche avec nous - Enfant,4.3,0.055,EUR
,9782412046425,,Minimalisme en famille - Le secret des parents zen et des enfants heureux et créatifs,3.68,0.055,EUR
,9782408008888,,La Provence,1.35,0.055,EUR
,9782757605363,,En danseuse - Ces femmes qui révolutionnent le cyclisme: Ces femmes qui révolutionnent le cyclisme,7.24,0.055,EUR
,9782757604878,,RITUELS: VOS ROUTINES BIEN-ETRE,5.4,0.055,EUR
,9782351841846,,Les règles typographiques,1.84,0.055,EUR
,9782757605295,,La République du foot,5.4,0.055,EUR
,9782757604953,,CYCLOSPORT PREPAREZ-VOUS COMME UN PRO: TOUT SAVOIR POUR ROULER COMME UN PRO DU TOUR - OFFICIEL TOUR DE FRANCE,6.75,0.055,EUR
,9782813224552,,Amour et alchimie - Quand le masculin et le féminin s'unissent au lieu de se combattre,6.02,0.055,EUR
,9782381820088,,Atlas insolite de la mer,8.59,0.055,EUR
,9782379221880,,Paysages comestibles - Les nouveaux jardins nourriciers,8.1,0.055,EUR
,9782324030109,,Les p'tits rituels de mes 3 ans – Pochette de 30 autocollants épais et repositionnables avec 2 décors – À partir de 18 mois,2.15,0.055,EUR
,9782508053665,,Disney Baby – Les mots de mon âge - 1 an – Bonne nuit ! – Livre d'éveil – Dès 12 mois,1.84,0.055,EUR
,9782702919651,,Osez le Body Positive ! Pour vous libérer des injonctions sociales et aimer votre corps,4.91,0.055,EUR
,9782412049334,,Kiffeuse en série - Chercher en chaque chose un petit rayon de soleil !,3.68,0.055,EUR
,9782745981615,,Les sports d'hiver,2.46,0.055,EUR
,9782813225696,,L'ensaignement,4.91,0.055,EUR
,9782757604663,,Training express,2.7,0.055,EUR
,9782844555854,,Quand la nuit arrive à tatons,3.68,0.055,EUR
,9782862538976,,Europe prodigieuse: Les plus beaux sites naturels,6.26,0.055,EUR
,9782377312054,,HAIKUS DE SIBERIE,4.91,0.055,EUR
,9782813223609,,Tous partenaires de liberté - Pour en finir avec la souffrance et le rôle de victime,5.4,0.055,EUR
,9782821214422,,Cry Babies - Le Meilleur Animal de compagnie - Album illustré - Dès 5 ans (1),1.23,0.055,EUR
,9782324027482,,Le Jeu France Culture - Jeu de plateau - Dès 13 ans,8.59,0.055,EUR
,9782361884130,,Libérez votre pouvoir de guérison - Manuel pratique,4.42,0.055,EUR
,9782757604571,,Devenez un meilleur entraîneur: Méthode et conseils pour un accompagnement efficace,6.75,0.055,EUR
,9791036314827,,Mes autocollants Petit Ours Brun - Joyeux Noël !,0.86,0.055,EUR
,9782813219732,,J'ai dit oui et ça me plaît,4.91,0.055,EUR
,9782603029497,,Un verger en ville: Près de 30 arbres fruitiers à planter dans son petit jardin ou sur son balcon,5.4,0.055,EUR
,9782844556134,,Bazar à Bisouville,3.38,0.055,EUR
,9782840069935,,Si on dessinait avec un dé ?: Lance le Dé pour décider ce que tu vas dessiner !,2.76,0.055,EUR
,9782412072639,,"Jeu d'apéro Super Synchro : à la fin du décompte, testez votre complicité !",1.53,0.055,EUR
,9782844555427,,Sur la banquise...,3.68,0.055,EUR
,9782816019377,,Cuisine des légumes,1.35,0.055,EUR
,9782351912126,,"60 jeux activités et aventures dans la nature: printemps, été, automne, hiver",3.68,0.055,EUR
,9782804706388,,Génération Internet: Comment les écrans rendent nos ados immatures et déprimés,4.6,0.055,EUR
,9782757604342,,Choisir les meilleurs produits au supermarché: Quels produits choisir pour votre bien-être - plus de 1000 références décyptée,5.4,0.055,EUR
,9782846405089,,Marais poitevin : 23 Belles Balades,4.3,0.055,EUR
,9782757604977,,COLS DE LEGENDE - TOPOGUIDE DES ALPES ET DES PYRENEES,4.05,0.055,EUR
,9782368562819,,Crèmerie Mauricette,4.54,0.055,EUR
,9782092589212,,Docteur académie - Livre-jeu - Dès 7 ans,3.99,0.055,EUR
,9782408037338,,Le très grand câlin,3.93,0.055,EUR
,9782813225788,,Josette et Johnny - 50 ans d'amitié et de partage,5.16,0.055,EUR
,9782366470185,,L'Arche de Neptune,1.84,0.055,EUR
,9791036340864,,Théo le chateau d'eau,3.31,0.055,EUR
,9782732496504,,Petit singe,3.93,0.055,EUR
,9782359909425,,UN RENNE GROGNON,3.07,0.055,EUR
,9791036314810,,Mes autocollants Petit Ours Brun - La neige,0.86,0.055,EUR
,9791023514100,,Histoires à piocher,5.52,0.055,EUR
,9782378790301,,Transforme les boîtes de céréales,2.76,0.055,EUR
,9782324030246,,Mes histoires pour grandir à 3 ans – Album relié – À partir de 3 ans,2.76,0.055,EUR
,9782603024966,,La Nature sur les chemins de Saint-Jacques,9.45,0.055,EUR
,9782804705770,,Evaluer le risque de suicide: Suivre au mieux les patients à tendances suicidaires,5.52,0.055,EUR
,9782757604892,,VOUS ETES LE MEILLEUR COACH DU MONDE: LES CLEFS D'UNE DEMARCHE POSITIVE POUR ATTEINDRE VOS OBJECTIFS,6.75,0.055,EUR
,9782492284076,,Basics - Corps et mental: 19 CLES POUR ETRE BIEN DANS SA VIE,2.7,0.055,EUR
,9791024205700,,Le rejet de l'occident,4.91,0.055,EUR
,9782379222863,,Les plantes du plaisir - Stimuler sa libido au naturel: Booster sa libido au naturel,4.05,0.055,EUR
,9782747065887,,Le livre de la paix,3.31,0.055,EUR
,9782351910948,,Les pigeons de vol acrobatique et de haut vol: Elevage et etrainement,4.3,0.055,EUR
,9782889570355,,Le rugby raconté aux enfants : Petit guide illustré,4.6,0.055,EUR
,9782324028939,,100 Pauses spirituelles: 100 Lieux pour se ressourcer,8.59,0.055,EUR
,9782324029493,,"Paris Match, le jeu",6.14,0.055,EUR
,9782702919934,,Méditations d'un condamné - Comment le couloir de la mort a ouvert mon coeur,4.67,0.055,EUR
,9782366470192,,Un eucalyptus pour Vénus,1.84,0.055,EUR
,9782732497389,,"Déportés, leur ultime transmission",7.61,0.055,EUR
,9782504211151,,Mon premier cahier d'écriture: Personnalise la couverture en écrivant ton prénom !,1.23,0.055,EUR
,9782412050828,,"Ca va changer avec vous ! Il est temps d'être écolos et fiers de l'être - 365 actions pour avancer, 50 pages d'outils outils détachables pour agir ensemble",3.68,0.055,EUR
,9782846404778,,Gorges de la Dordogne : 15 jours de marche,4.3,0.055,EUR
,9782843194221,,Comment guérir de l'endométriose,6.02,0.055,EUR
,9782821215177,,Cry Babies - Le Monde des contes - Album illustré - Dès 5 ans (5),1.23,0.055,EUR
,9791032404737,,Les aventures inattendues d'Olympe Valoese - Roman young adult - Fantastique - Dès 15 ans,3.99,0.055,EUR
,9782747067904,,"Animal Tatoo saison 2 - Les bêtes suprêmes, Tome 03: Le retour",3.81,0.055,EUR
,9791023515459,,Lison: A la découverte du vaste monde,3.93,0.055,EUR
,9791036305719,,Un peu plus près des étoiles,4.05,0.055,EUR
,9782878339048,,Les animaux magiques dans la peinture indienne,6.14,0.055,EUR
,9782804702113,,Penser autrement le vieillissement: Pour une approche humaniste du vieillissement cérébral,5.89,0.055,EUR
,9782378790028,,Je dessine les animaux du froid,1.53,0.055,EUR
,9782844555861,,Le rêve de la belle Mimi,3.07,0.055,EUR
,9782258152526,,"Claude Zidi, en toute discrétion",4.91,0.055,EUR
,9791023512953,,Lou a oublié sa tête,2.95,0.055,EUR
,9782846405331,,#HURLEALAVIE,3.07,0.055,EUR
,9782603030080,,Rendez-vous en terres cultivées: Balade au coeur de la campagne,6.75,0.055,EUR
,9782366470154,,Une petite souris pour Mercure,1.84,0.055,EUR
,9782366470147,,Rêve sur Saturne,1.84,0.055,EUR
,9782816009187,,Savoies (73-74): 30 lieux incontournables à colorier,1.04,0.055,EUR
,9782379222108,,Vivre en écolieux,7.12,0.055,EUR
,9782263176883,,Coffret Ma pause chat kawaii,4.3,0.055,EUR
,9782508053818,,Disney Vilains - Labyrinthes à l'infini – Livre-jeu avec feutre effaçable – Dès 5 ans,2.15,0.055,EUR
,9782846405447,,Pays Cathare : 24 belles balades,4.3,0.055,EUR
,9782879016931,,Toponymie Gasconne,1.47,0.055,EUR
,9782603030349,,Devenir ornitho,6.26,0.055,EUR
,9782408017392,,Le livre qui sait tout faire,3.31,0.055,EUR
,9782848652849,,Prouts célèbres: Et autres petits vents de l'histoire,3.68,0.055,EUR
,9782412069936,,Jeu d'apéro Qui a le dernier mot ? – Des centaines de citations à compléter pour briller en soirée !,1.53,0.055,EUR
,9791023513073,,Notre cabane,4.42,0.055,EUR
,9782412064429,,"Batch cooking libre - ultra légumes verts, 50 recettes pour composer soi-même sa semaine à l'avance",2.46,0.055,EUR
,9782351912164,,Le poisson voyageur: Itinéraires d'un pêcheur à la mouche,4.3,0.055,EUR
,9782702907504,,Les nouvelles joies du sexe,4.3,0.055,EUR
,9782354564728,,Post capitalisme - Le guide de notre futur,7,0.055,EUR
,9782368560082,,Gavroche d'après les Misérables de Victor Hugo,1.84,0.055,EUR
,9782849336298,,Le petit guide du Kaizen,2.7,0.055,EUR
,9782384530045,,MES TABLEAUX À COLORIER STRASS - PÂQUES,1.96,0.055,EUR
,9782844555151,,Pont des arts - La Vénus de pierre,4.3,0.055,EUR
,9782732494494,,"24 heures dans la peau du docteur: Vite, tes patients t'attendent !",4.54,0.055,EUR
,9782258085190,,Térézín Plage,3.07,0.055,EUR
,9791023513394,,Imagier du vivant,4.79,0.055,EUR
,9782361883706,,L'Oracle 11:11,6.26,0.055,EUR
,9791096405190,,Cité Sanpo: Croquis en ville,4.3,0.055,EUR
,9782408020262,,L'arche aux dragons - Sur la piste du dragon céleste,5.4,0.055,EUR
,9782263174117,,Quiz DOCTEUR GOOD,3.01,0.055,EUR
,9782412072585,,Syllabo – édition familiale : le jeu des mots complètement barré pour s'amuser avec toute la famille !,2.46,0.055,EUR
,9782918194255,,MON PAPA EST UN ZARZOUILLEUR,3.07,0.055,EUR
,9782862539300,,La parole est au silence,4.3,0.055,EUR
,9782757605486,,L'ÉTOFFE DES HÉROS: 100 ans d'épopées de l'équipe de France de Basket à travers 30 maillots emblématiques,9.45,0.055,EUR
,9791023516135,,Joséphine,3.19,0.055,EUR
,9782702907269,,Apprendre à apprendre,6.88,0.055,EUR
,9782917442548,,273 amis,2.89,0.055,EUR
,9782354882563,,Le Goût des insectes,3.07,0.055,EUR
,9782384530410,,ALBUMS - HISTOIRES - LES CHIFFRES - QUEL BAZAR !,3.56,0.055,EUR
,9782702917268,,Kama Sutra (coffret),4.54,0.055,EUR
,9782492847073,,Coffret Everyday is a new day - Feel Good Puzzle,5.4,0.055,EUR
,9782813206930,,Je n'ai pas de religion et ça me plaît : Comment cocréer une vie qui a du sens,5.16,0.055,EUR
,9782804707040,,Aimer Versailles: 200 adresses à partager,1.84,0.055,EUR
,9782412051719,,"Rien à perdre, roman graphique",3.68,0.055,EUR
,9782702920794,,Se préparer au meilleur avec Ho'Oponopono - Guide pratique pour cheminer sur la voie de l'abondance,4.3,0.055,EUR
,9782806310873,,Mes beaux circuits - L'histoire du petit tracteur de la ferme - Livre jeu avec un véhicule en bois - Dès 18 mois,4.3,0.055,EUR
,9782813225313,,Les mémoires de Cassandre,6.02,0.055,EUR
,9782757604397,,Victoires de légende. 25 victoires qui ont marqué le Tour de France: 25 victoires qui ont marqué le Tour de France,8.1,0.055,EUR
,9782732496245,,Mystère: À la découverte du loup,3.93,0.055,EUR
,9782492847080,,Coffret Let it be - Feel Good Puzzle,5.4,0.055,EUR
,9791023515466,,"Elle est où, la vache ?",3.19,0.055,EUR
,9782813225269,,C'est écrit dans les étoiles - Analyser son thème astral et s'accepter tel que l'on est,5.77,0.055,EUR
,9782377311354,,Enquetes de mirette : souk aux pyramides (Les),3.38,0.055,EUR
,9782848333090,,CUISINE A BORD,2.09,0.055,EUR
,9782816017786,,Ma déco intérieure avec des plantes: Projets DIY pour embellir son chez-soi,4.05,0.055,EUR
,9782408019259,,"Miki - Oh, les belles couleurs !",3.68,0.055,EUR
,9782849754863,,Anselme Boix-Vives,5.83,0.055,EUR
,9782857332640,,Sel de Vie - 11/13 ans - Heureux d'aimer,1.84,0.055,EUR
,9791036327018,,Mon carnet de liaison parents-nounou: Nouvelle édition,3.31,0.055,EUR
,9782354902094,,Dans l'intime d'un chemin,5.52,0.055,EUR
,9782753067905,,"Ulysse, enfant de la Grèce antique: Il y a 2 500 ans...",2.09,0.055,EUR
,9782732490588,,6 histoires de Mirabelle et Viandojus: L'air de rien...,4.54,0.055,EUR
,9782381820163,,Atlas des mondes fantômes,8.59,0.055,EUR
,9782732496924,,Propre de la tête aux pieds: Mon imagier pour bien me laver,3.31,0.055,EUR
,9782804706340,,Les politiques de diversité: Antidote à l'intolérance et à la radicalisation,5.52,0.055,EUR
,9782603028940,,Jardins d'ici et d'ailleurs,10.8,0.055,EUR
,9782732480053,,Mes années Las Vegas,4.54,0.055,EUR
,9782844555991,,Saumone,3.68,0.055,EUR
,9782603029138,,"Micheline, la mouche de papi",3.68,0.055,EUR
,9782702920947,,Tout est là pour vous aider - Un guide d'amour pour l'évolution de votre âme,5.16,0.055,EUR
,9782702917312,,Comment être heureux sans essayer de l'être,5.16,0.055,EUR
,9782351841839,,Les formules de politesse et de présentation,1.84,0.055,EUR
,9782732495477,,La Magie du miel: 60 recettes aux subtiles saveurs,6.14,0.055,EUR
,9782381350486,,La Voie du coeur du guerrier - La sagesse toltèque pour la guérison et la paix,4.91,0.055,EUR
,9782844556318,,"Nous, les enfants",3.68,0.055,EUR
,9782603029909,,Mon chien n'en fait qu'à sa tête !: Des solutions bienveillantes pour s'en sortir,5.4,0.055,EUR
,9782381351094,,Guérisons chamaniques - Récits inspirants de transformation et d'élévation,5.4,0.055,EUR
,9782862539751,,Le pardon de la Dame Blanche,4.67,0.055,EUR
,9782492847066,,Coffret Love is All - Feel Good Puzzle,5.4,0.055,EUR
,9782412030813,,macOS High Sierra pour les Nuls grand format,6.14,0.055,EUR
,9782747013055,,Album de ma communion,4.05,0.055,EUR
,9782379221781,,Mon chat est un cas !: Bizarre/Drôle/Agaçant : ses comportements décryptés,2.7,0.055,EUR
,9782359908930,,QUI A FAIT CE PIPI ?,3.56,0.055,EUR
,9782732496221,,Marguerite Bornhauser,6.38,0.055,EUR
,9782857332657,,Sel de vie- 11/13 ans - Heureux d'espérer,1.84,0.055,EUR
,9791023508741,,À pas de loup,4.17,0.055,EUR
,9782381820033,,J'ai écouté les Alpes: 1500 km à pied pour comprendre le cataclysme,8.59,0.055,EUR
,9782365494397,,Slipi - tome 1 Ca déménage ! (1),2.58,0.055,EUR
,9782324031588,,Escape box pédagogique Lumni – Aventure en classe nature – Jeu de société jeunesse - À partir de 6 ans,3.07,0.055,EUR
,9782732491875,,La Danse de l'oiseau,4.91,0.055,EUR
,9782844555595,,Antoinette la rainette,3.07,0.055,EUR
,9782757605189,,SPORT ET CINEMA,13.51,0.055,EUR
,9782379222498,,La mie prodigieuse - 50 sandwichs à savourer,2.7,0.055,EUR
,9782408024420,,Forêt - Poppik,4.67,0.055,EUR
,9782840067658,,M.A.I.S.O.N - (Maison),5.52,0.055,EUR
,9791024206035,,Celle qui doit venir,6.75,0.055,EUR
,9782359909012,,"QUE FAIS-TU AUJOURD'HUI, DAME NATURE ?",5.4,0.055,EUR
,9782902302284,,Barbara Hepworth,9.82,0.055,EUR
,9782412067079,,Epluchures et fanes (presque) zéro déchets - 70 recettes pour tout valoriser,3.07,0.055,EUR
,9782351842614,,Les expressions idiomatiques françaises: Les guides de la langue francaise avec le Monde,4.6,0.055,EUR
,9791032404881,,Au secours ! Je suis en primaire - Le guide de survie indispensable by Odah et Dako - A partir de 6 ans,2.76,0.055,EUR
,9782603026816,,Sous l'océan: À la découverte des grands fonds,5.4,0.055,EUR
,9791023516340,,Une histoire de la musique pour les enfants,5.52,0.055,EUR
,9782849336199,,Chroniques d'une jeune maman - Ou le journal trop intime de ma grossesse et des premiers mois,4.67,0.055,EUR
,9782732497020,,Météo,2.7,0.055,EUR
,9782889357635,,Jeux Olympiques - 106 Moments magiques,8.59,0.055,EUR
,9782846405461,,"Corse Balagne : 30 belles balades, autour de Calvi et l'Île-Rousse",4.3,0.055,EUR
,9782816015386,,Notre maison pas chère,3.31,0.055,EUR
,9782359909616,,MES TABLEAUX EN PEINTURE MAGIQUE - NOËL NE,1.96,0.055,EUR
,9782354131432,,MUSICIENS BREME ZW,3.68,0.055,EUR
,9782408018665,,"Ali Zaoua, prince de la rue",1.6,0.055,EUR
,9782603029732,,Objectif Mars: L'Histoire illustrée de la conquête martienne,9.45,0.055,EUR
,9782732494524,,N'en jetez plus !: L'art d'accommoder les restes,6.14,0.055,EUR
,9782379221910,,Vivre sur la Terre,8.1,0.055,EUR
,9782813224538,,"Covid-19 - Le premier vaccin, c'est vous !",4.42,0.055,EUR
,9782702915523,,Le cri de la Terre - Les solutions de l'écologie spirituelle,6.02,0.055,EUR
,9782412079904,,Cahier de jeux spécial culture générale,1.84,0.055,EUR
,9791023516555,,"Raymond la taupe, détective: L'affaire du collier",3.68,0.055,EUR
,9782408029654,,Le robot perd la boule,1.47,0.055,EUR
,9782813226020,,La ballade de Nitchevo,4.91,0.055,EUR
,9782354882280,,"La malédiction de la pierre de lune, tome 1 : Florence",3.07,0.055,EUR
,9782408024406,,Aquarium - Poppik,3.81,0.055,EUR
,9782701402406,,"OSS 117, le dico",5.52,0.055,EUR
,9782351813607,,"Tout sur les bonbons: d'ici et d'ailleurs, d'hier et d'aujourd'hui",3.99,0.055,EUR
,9782351911921,,Je suis le roi d'Ecosse: et autres recits de chasse,4.3,0.055,EUR
,9782354902520,,Eloge de l'ennui - Une brève histoire de nous,4.42,0.055,EUR
,9782804706364,,L'enfant et le vivant: Vers une éducation à une nouvelle écologie,4.05,0.055,EUR
,9782813224576,,"Les animaux, nos meilleurs complices",6.51,0.055,EUR
,9782408018290,,L'appel du dehors - Un guide complet pour explorer la nature: Un guide complet pour explorer la nature,4.91,0.055,EUR
,9782745979841,,Percussion pop-up,4.91,0.055,EUR
,9782745997494,,"M. Lemoncello, Tome 02: Une semaine dans l'incroyable bibliothèque de M. Lemoncello",4.3,0.055,EUR
,9791023514469,,Ma Cabanamoi,3.81,0.055,EUR
,9782603028568,,Pasteur (presque) facile !,4.3,0.055,EUR
,9782603029473,,Fraude qui peut !: Bloom face aux industriels de la pêche électrique,4.05,0.055,EUR
,9782408017293,,"C'est quoi, la politique ?",2.58,0.055,EUR
,9782351910337,,250 réponses aux questions du plongeur curieux,3.01,0.055,EUR
,9782381820095,,Les plus grandes ARNAQUES: Du cheval de Troie à Bernard Madoff,8.59,0.055,EUR
,9782846405379,,MASSIF DU JURA : 30 BELLES BALADES,4.3,0.055,EUR
,9782508052118,,Disney Baby – Aventures avec stickers – C'est la fête ! – Livre d'histoires avec stickers – Dès 3 ans,1.23,0.055,EUR
,9782844208187,,"Boris, Je sais compter jusqu'à 1 !",1.47,0.055,EUR
,9782354133276,,BONHOMME ET LE FIL ROUGE MINI,2.46,0.055,EUR
,9782732497181,,Visages de l'AP-HP: Face au Covid-19,6.14,0.055,EUR
,9782846405775,,HAUTES TERRES DU CANTAL : 21 BELLES BALADES,4.3,0.055,EUR
,9782702917954,,Mercure rétrograde - Guide pratique pour transformer le chaos à votre avantage,4.91,0.055,EUR
,9782508052453,,Disney Vilains – Coloriage avec plus de 100 stickers – Livre de coloriage avec stickers – Dès 4 ans,1.1,0.055,EUR
,9782915710137,,Sonia Delaunay: à l'intérieur : 6 planches d'autocollants repositionnables,1.84,0.055,EUR
,9782355581427,,Mon toi,4.3,0.055,EUR
,9791023516937,,L'Ami de Pinpin,4.3,0.055,EUR
,9782092596241,,Find Your Voice - Trouve ta voix - Écris ton roman avec les conseils d'Angie Thomas,3.07,0.055,EUR
,9782889359028,,France - Graphic Design aujourd'hui,6.45,0.055,EUR
,9782745980991,,"Les aventuriers de l'aventure , Tome 01: L'évasion",3.68,0.055,EUR
,9782844554970,,Ponts des Arts - Le radeau de Géricault,4.3,0.055,EUR
,9782092592946,,Tralal'Art - Les jouets - Dès 2 ans,3.07,0.055,EUR
,9791036304552,,De A comme Amour à V comme Vie: Le Pape s'adresse à toi !,4.05,0.055,EUR
,9782412079973,,Cahier de jeux spécial langue française - 75 jeux et activités inédits,1.84,0.055,EUR
,9782846405584,,Villages insolites et extraordinaires de France,7.37,0.055,EUR
,9782365494595,,Slipi - tome 2 La révolution verte (02),2.58,0.055,EUR
,9782844555786,,Une poupée pour maman : Poupée Akua-ba,4.3,0.055,EUR
,9791023514247,,Ma fabuleuse carte au trésor,4.3,0.055,EUR
,9782408032074,,L'histoire du monde - Poppik,5.52,0.055,EUR
,9791023516142,,Un spectacle à compter,3.93,0.055,EUR
,9782748525250,,Ma vie est un merveilleux désastre - La vie selon Pippa (2),5.52,0.055,EUR
,9782368561881,,Olga et le cri de la forêt,3.68,0.055,EUR
,9782806310798,,Petit renne cherche son Petit renne cherche son papa... avec toi ! - Livre tout-carton avec serre-tête offert - Dès 3 ... avec toi ! - Livre jeu avec histoire et diadème avec bois de renne - Dès 3 ans,3.07,0.055,EUR
,9782757604687,,Marathon - Baissez vos chronos: Conseils et plans d'entraînement,5.03,0.055,EUR
,9782324026669,,Napoléon,8.59,0.055,EUR
,9782092492550,,Les cartes de l'Histoire : Jules César - Documentaire dès 9 ans,1.84,0.055,EUR
,9782849335901,,Le Prophète en bande dessinée,5.4,0.055,EUR
,9782354881825,,Le Combat - tome 3 Nina Volkovitch (3),3.07,0.055,EUR
,9782412068304,,Murder Night Fever – le jeu de défis totalement fous pour passer la meilleure des soirées !: Méfiez-vous de vos amis !,2.46,0.055,EUR
,9782092594971,,Timoto sait déjà bientôt nager - Dès 4 ans,1.84,0.055,EUR
,9782412064412,,"Batch cooking libre - En 1h max, 50 recettes pour composer soi-même sa semaine à l'avance",2.46,0.055,EUR
,9782732498331,,Citoyen de demain: La démocratie est entre tes mains,4.3,0.055,EUR
,9782263178955,,Jeu Criminal,4.91,0.055,EUR
,9782862538778,,Mon livre de cave,4.05,0.055,EUR
,9782408014728,,À fond la caisse !,5.4,0.055,EUR
,9782804700423,,La trisomie 21: Perspective historique sur son diagnostic et sa compréhension,3.07,0.055,EUR
,9782324030178,,"Rose, Niels et le Poupounou dans la jungle – Album illustré relié – À partir de 6 ans",3.68,0.055,EUR
,9782884805391,,Roméo et Juliette,3.78,0.055,EUR
,9782756534787,,Teindre la laine avec des plantes,6.61,0.055,EUR
,9782755639292,,Free to run Courir pour être libre,5.66,0.055,EUR
,9782915126341,,Zappa Cover,7.55,0.055,EUR
,9782915118797,,Celui qui aimait le jazz,4.72,0.055,EUR
,9782749937915,,Transformers Bumblebee,2.83,0.055,EUR
,9782847620085,,L'oeil et la main : Les artisans de la haute couture,2.83,0.055,EUR
,9782812200625,,Pompidou: le dernier president qui a fait gagner la France,1.89,0.055,EUR
,9782918194125,,En Voyage à Paris,3.78,0.055,EUR
,9782359342222,,"fini malaises et vertiges. enfin les solutions, pour enrayer vertiges et malai",2.36,0.055,EUR
,9782915438628,,Plateforme,4.72,0.055,EUR
,9782820802224,,65 jeux pour maîtriser la lecture (cycle 3) CM1/CM2,2.83,0.055,EUR
,9782755641158,,"Dans le vestiaire de l'O.M., les années Tapie",4.72,0.055,EUR
,9782911207280,,Toulouse d'antan : Toulouse à travers la carte postale ancienne,11.33,0.055,EUR
,9782756534046,,J'habille ma poupée Corolle au crochet - 12 tenues Spécial fêtes,5.66,0.055,EUR
,9782710371786,,Poils,5.66,0.055,EUR
,9782753302327,,La prisonnière du désert,4.72,0.055,EUR
,9782812900631,,LOT GRANDES AFFAIRES CRIMINELLES,2.83,0.055,EUR
,9782351030196,,"Avant la naissance, 5000 ans d'images",4.72,0.055,EUR
,9782755606478,,Marseille Ville championne,6.61,0.055,EUR
,9782756529059,,LES COULEURS DE LA DENTELLE,6.61,0.055,EUR
,9782756521848,,RECETTES DE COULEURS POUR RELOOKER SON INTERIEUR,5.66,0.055,EUR
,9782812904189,,Moselle grandes affaires criminelles,2.83,0.055,EUR
,9782755641714,,Équipiers,4.72,0.055,EUR
,9782360091607,,Jolies chaussettes à tricoter,3.78,0.055,EUR
,9782913952171,,Jouets à coudre,2.83,0.055,EUR
,9782915126402,,"Neil Young, David Crosby, Stephen Stills, Graham Nash Cover",7.55,0.055,EUR
,9788377919651,,"Le Comte de Monte-Cristo, tome 1",4.72,0.055,EUR
,9782755641165,,A fleur de vous,2.83,0.055,EUR
,9782841679249,,Chaussons avec semelles à coudre,1.89,0.055,EUR
,9782809913217,,Et si j'apprenais... La pâte fimo,2.83,0.055,EUR
,9782755635508,,Il était une fois les Princes et les Princesses,4.72,0.055,EUR
,9782812906046,,CANTAL NOUVELLES AFFAIRES CRIMINELLES,2.83,0.055,EUR
,9782755636697,,M. Pokora De l'autre côté de la scène - Confidences,4.72,0.055,EUR
,9782755640274,,BTS Kings of K-POP - L'album non officiel,1.89,0.055,EUR
,9782755635546,,Le gros ABéCédaire de Jean-Marie Bigard,4.72,0.055,EUR
,9782070629725,,LE CIEL EST PARTOUT,3.78,0.055,EUR
,9782915867848,,Rajasthan: Richesse de l'Inde,7.55,0.055,EUR
,9782844949554,,HAUT RHIN GRANDES AFFAIRES CRIMINELLES,2.83,0.055,EUR
,9782755643862,,Jean-Jacques Goldman,7.55,0.055,EUR
,9782755648669,,Réveille ta motivation !,2.83,0.055,EUR
,9782756526768,,MA POUPEE EN FEUTRINE,5.66,0.055,EUR
,9782755622492,,Larguées,3.78,0.055,EUR
,9782755684582,,Le dictionnaire français Bigard,2.83,0.055,EUR
,9782344037782,,"Le point de croix, naturellement",9.44,0.055,EUR
,9782812906121,,Manche Nouvelles Affaires Criminelles,2.83,0.055,EUR
,9782845960817,,Glissement de terrain,2.83,0.055,EUR
,9782379890420,,Call of Duty Warzone - 100 trucs à savoir pour finir dans le top 3 !,2.83,0.055,EUR
,9782354570897,,Le cinéma près de la vie,3.78,0.055,EUR
,9782710789482,,WC BOOK 2019,3.78,0.055,EUR
,9782723429153,,Hillary: Un regard depuis le sommet,4.72,0.055,EUR
,9782376300038,,CANCER... ET FIER DE L'ETRE,2.36,0.055,EUR
,9782753300330,,OSS 117 Le Caire Nid d'Espions : Le roman-photo du film,4.72,0.055,EUR
,9782915126457,,Blues en 150 figures,13.21,0.055,EUR
,9782756530512,,POESIE DE PAPIER : LA DECO DE TABLE,6.61,0.055,EUR
,9782756533056,,MAGIC PATCH N°136,3.78,0.055,EUR
,9782710789222,,"Ni Dieu, ni maitre, les anarchistes",1.89,0.055,EUR
,9782360091140,,Petits chaussons à tricoter,3.78,0.055,EUR
,9782755638424,,Inspirations,3.78,0.055,EUR
,9782812903243,,CREUSE NOUVELLES AFFAIRES CRIMINELLES,2.83,0.055,EUR
,9782918194095,,Le dimanche de Monsieur Pervenche,3.78,0.055,EUR
,9782351812549,,Le tour du monde des sports: pour partir à la découverte des sports ... d'ici et d'ailleurs !,4.72,0.055,EUR
,9782915126419,,Clapton Cover,7.55,0.055,EUR
,9782812900686,,DEPARTEMENT DE LA LOIRE MYSTERES,2.83,0.055,EUR
,9782070665556,,CENDRILLON OU LA PETITE PANTOUFLE DE VERRE,1.89,0.055,EUR
,9782070603176,,SKULLY FOURBERY - 1,2.83,0.055,EUR
,9782812200335,,Les coups du sport 2,4.72,0.055,EUR
,9782379890260,,Fortnite - La Légende du nouveau monde,3.78,0.055,EUR
,9782749944098,,Goal - Cahier de vacances CE1-CE2,1.89,0.055,EUR
,9782883210288,,La cuisine juive italienne,2.83,0.055,EUR
,9782280305648,,La saveur du printemps,4.72,0.055,EUR
,9782358321716,,Art et Musique,6.61,0.055,EUR
,9782844590565,,Et si j'apprenais la peinture sur céramique,2.83,0.055,EUR
,9782918194613,,Poèmes d'ombre et de lumière,2.83,0.055,EUR
,9782812910340,,BOURGOGNE GRANDES AFFAIRES CRIMINELLES (LES),2.83,0.055,EUR
,9782809900293,,Et si j'apprenais... La dorure,2.83,0.055,EUR
,9782918194798,,Poèmes de Tiges et de Rameaux,2.83,0.055,EUR
,9782344030912,,Carnets de tricot de Charlotte Sometime: Un voyage en 15 créations intemporelles,9.44,0.055,EUR
,9782755618570,,Je suis le rugbyman masqué,4.72,0.055,EUR
,9782809913415,,Harem - L'Orient amoureux,7.55,0.055,EUR
,9782812904219,,ILLE ET VILAINE NOUVELLES AFFAIRES CRIMINELLES,2.83,0.055,EUR
,9782809916515,,Grateful Dead Cover,9.44,0.055,EUR
,9782749939179,,Goal - Cahier de vacances CE2-CM1,1.89,0.055,EUR
,9782753303447,,Picasso - tome 2 (2),3.78,0.055,EUR
,9782753301887,,La flèche brisée : Le roman de Cochise,6.61,0.055,EUR
,9782755684957,,Le gros livre de la Ligue 2,6.61,0.055,EUR
,9782749939186,,Goal - Cahier de vacances CM1-CM2,1.89,0.055,EUR
,9782755643893,,Merveilles vendues par correspondance,4.72,0.055,EUR
,9782756534534,,Bijoux crochetés en fil métallique,3.78,0.055,EUR
,9782756534176,,7 familles de doudous en feutrine,5.66,0.055,EUR
,9791095403104,,La Perse: Au coeur de l'Iran,13.21,0.055,EUR
,9782753301382,,La grande histoire de la Comédie Française,24.54,0.055,EUR
,9782915867831,,Irlande: Ombres et lumières,7.55,0.055,EUR
,9782812926280,,À bout de nerfs,4.72,0.055,EUR
,9782915126914,,Higelin,11.33,0.055,EUR
,9782035848222,,La Normandie américaine,2.83,0.055,EUR
,9782815100366,,Nos Amis les Hommes,3.78,0.055,EUR
,9782710306368,,Avant et après,2.36,0.055,EUR
,9791021401273,,MORT POUR RIEN - NOUVELLE EDITION,2.83,0.055,EUR
,9782755616750,,Mon histoire passionnée du Paris Saint-Germain,11.33,0.055,EUR
,9782844948823,,Les Grandes Affaires Criminelles de Haute-Garonne,2.83,0.055,EUR
,9782756532547,,ARNE & CARLOS LE BEST OF,6.61,0.055,EUR
,9782753303355,,Communication de crise,4.72,0.055,EUR
,9791026402480,,"Sur le pot, les filles !",3.78,0.055,EUR
,9782915126358,,Pat Metheny - Artiste multiplunique,7.55,0.055,EUR
,9782755643886,,Infox ! Le grand livre des Fake News,4.72,0.055,EUR
,9782809914887,,L'Histoire du Rock en 50 Guitares,1.42,0.055,EUR
,9782344044339,,La véritable histoire de la femme et l'automobile: Plus d'un siècle de conquêtes,11.33,0.055,EUR
,9782753303386,,Les 2 Islam,4.72,0.055,EUR
,9782812924873,,Le Grand Silence de la nuit,3.78,0.055,EUR
,9782756532592,,VOYAGES QUILTES,6.61,0.055,EUR
,9782710377412,,Libération - Portraits 2010-2014,4.72,0.055,EUR
,9782812900648,,AUDE GRANDES AFFAIRES CRIMINELLES,2.83,0.055,EUR
,9782915867664,,Vosges: Atmosphères d'un vieux massif,5.66,0.055,EUR
,9782878338522,,Le pique-nique parfait,4.72,0.055,EUR
,9782707210012,,Les puces de Saint-OuenS),7.55,0.055,EUR
,9782915126907,,Chick Corea,11.33,0.055,EUR
,9782364450400,,Les Armes Secrètes De L'Allemagne Nazie (Bd),2.83,0.055,EUR
,9782812906534,,PYRENEES ORIENTALES GRANDES AFFAIRES CRIMINELLES,2.83,0.055,EUR
,9782755618402,,Sur la trace des peuples perdus,5.66,0.055,EUR
,9782753302792,,Les Âmes Douces,5.66,0.055,EUR
,9782755644067,,Gims - Fuego tour Scènes & backstage,5.66,0.055,EUR
,9782848600352,,Ibrahim,3.78,0.055,EUR
,9782755628128,,Mon dictionnaire passionné... du PSG,5.66,0.055,EUR
,9782812904202,,Morbihan nouvelles affaires criminelles,2.83,0.055,EUR
,9782376300083,,SAGITTAIRE... ET FIER DE L'ETRE,2.36,0.055,EUR
,9782344031551,,"Grands prix moto, les moments forts",11.33,0.055,EUR
,9782749944081,,Goal - Cahier de vacances CP-CE1,1.89,0.055,EUR
,9782361240844,,Cadavres exquis dans le 7e Art : Quatre créateurs du cinéma mondial,4.72,0.055,EUR
,9782884800297,,L'oiseau de feu. Avec CD Audio,3.78,0.055,EUR
,9782350006185,,Gilgamesh: Le roi qui ne voulait pas mourir,2.83,0.055,EUR
,9782701400495,,"Les Bronzés, la véritable histoire",4.25,0.055,EUR
,9782753302655,,Vous avez dit étrange ?,6.61,0.055,EUR
,9782070664450,,Ninjas,3.78,0.055,EUR
,9782756535692,,Jeux & déco en carton & papier,6.61,0.055,EUR
,9782814100824,,Gourmandises à créer en pâte polymère,2.83,0.055,EUR
,9782756531489,,MODELES VIVANTS,5.66,0.055,EUR
,9782755637465,,The happiness factory - 1 mois de challenge pour réenchanter ma vie,3.78,0.055,EUR
,9782915126884,,101 chansons de films,9.44,0.055,EUR
,9782753303133,,C'est à moi que tu causes ?,9.44,0.055,EUR
,9782756534626,,Les plus beaux quilts rouges,5.66,0.055,EUR
,9782756530116,,LES BASES DE L'ENCADREMENT,2.83,0.055,EUR
,9782755640076,,La gazette de Mado la niçoise,2.83,0.055,EUR
,9782756533872,,Patchwork au fil des saisons - Best of Ellen Remijnse,6.61,0.055,EUR
,9791021403796,,MACCHABÉE SOUS LES PAVÉS,3.3,0.055,EUR
,9782360090761,,71 carreaux de tapisserie aux points insolites,4.72,0.055,EUR
,9782812908668,,Cote d Azur Grandes Affaires Criminelles,2.83,0.055,EUR
,9782344030288,,"Jaguar, une sportive à l'anglaise: Tous les modèles de sport de la SS1 à la F-TYPE",9.44,0.055,EUR
,9782874661464,,Sur les pas des Francs-Maçons,6.61,0.055,EUR
,9791095403289,,Sri Lanka: L'île des dieux et des hommes,8.49,0.055,EUR
,9782360091355,,Meubles en carton !: Recycler pour une décoration durable,4.72,0.055,EUR
,9782844948137,,Les grandes affaires criminelles du Bas-Rhin,2.83,0.055,EUR
,9782844949660,,MEUSE MYSTERES,2.83,0.055,EUR
,9782812924910,,Lily sans logis,4.72,0.055,EUR
,9782756531922,,DESSINER LES FLEURS,6.61,0.055,EUR
,9782915126990,,Rock Circus - La grande parade illustrée du Rock'n'roll,11.33,0.055,EUR
,9782844948168,,NIVERNAIS NOUVELLES AFFAIRES CRIMINELLES,2.83,0.055,EUR
,9782358320351,,Voyage dans un tableau de Miro,3.78,0.055,EUR
,9782756526621,,LE POINT DE TIGE ROUGE,5.66,0.055,EUR
,9782755643640,,Révolte ! Les rebelles du sport,8.49,0.055,EUR
,9782915126495,,Soul music - Acte 1,13.21,0.055,EUR
,9782812902451,,Ardennes Grandes Affaires Criminelles,2.83,0.055,EUR
,9782755636956,,Anatomie d'une vie de femme épanouie - Le journal hormonal de mon corps,4.72,0.055,EUR
,9782710789215,,Les murs ont la parole - Mai 68,1.89,0.055,EUR
,9782812904509,,NIVERNAIS NOUVEAUX MYSTERES (LES),2.83,0.055,EUR
,9782756534077,,Les boules de Noël - 55 modèles au tricot,6.61,0.055,EUR
,9782915126433,,King Crimson Cover,7.55,0.055,EUR
,9782723499613,,Naviguer gourmand,1.89,0.055,EUR
,9782812901454,,NIVERNAIS MYSTERES,2.83,0.055,EUR
,9782809910674,,Graphisme Metal & Hardcore,5.66,0.055,EUR
,9782809903973,,Motifs Orient,7.55,0.055,EUR
,9782376300090,,CAPRICORNE... ET FIER DE L'ETRE,2.36,0.055,EUR
,9782820809766,,J'apprends la géométrie en jouant: 1 livret pédagogique et des cartes 7 ans et plus,5.29,0.055,EUR
,9782812200434,,France / Angleterre : Le crunch,7.55,0.055,EUR
,9782844946652,,Les Grandes Affaires Criminelles des Hauts-de-Seine,2.83,0.055,EUR
,9782351812457,,Expressions sur les animaux racontées et expliquées aux enfants,4.72,0.055,EUR
,9791095403388,,Equateur: Terre de diversité,9.44,0.055,EUR
,9782844944306,,GIRONDE GRANDES AFFAIRES CRIMINELLES,2.83,0.055,EUR
,9782376300052,,VIERGE... ET FIER DE L'ETRE,2.36,0.055,EUR
,9782756533643,,Souvenirs brodés,8.49,0.055,EUR
,9782884800570,,Le Barbier de Séville (1 livre + 1 CD audio),3.78,0.055,EUR
,9782710789345,,Le Massage de tête du Dr Wu - La thérapie anti-âge et holistique,5.66,0.055,EUR
,9782915126525,,Lou Reed - The Velvet Underground - John Cale - Nico,11.33,0.055,EUR
,9782916231396,,"Clichés exotiques le tour du monde en photographies, 1860-1890 (0000)",14.16,0.055,EUR
,9782359340532,,vaincre enfin la cellulite,2.36,0.055,EUR
,9782753301535,,Rousseau le voile déchiré,5.66,0.055,EUR
,9782756531915,,PEINTURE FLORALE A L'AQUARELLE,7.55,0.055,EUR
,9782809908015,,Mamika & Co - Grande petite grand-mère et ses futurs anciens amis,2.83,0.055,EUR